product_title,product_price,product_code,shop_name
sarung bantal kursi,Rp 300.000,0032520415,Tienaku Handmade
sarung goyor print king husain,Rp 200.000,0020707755,King Husain
Sarung Goyor Print King Husain,Rp 200.000,0020483491,King Husain
SARUNG GOYOR PRINT KING HUSAIN,Rp 200.000,0020705330,King Husain
Sarung BHS Signature SKG,Rp 1.990.000,0034548976,Grosir baju premium
sarung bantal Set umkm kemenparekraf RI,Rp 450.000,0032116313,"M,Ecotik"
Sarung Bantal Rajut UMKM Kemenparekraf RI,Rp 250.000,0032215059,NIEQ Collection
Sarung Bantal Tsurayya UMKM Kemenparekraf RI,Rp 350.000,0032290719,NIEQ Collection
sarung bantal set umkm kemenparekraf RI,Rp 450.000,0032116410,"M,Ecotik"
Sarung Goyor Print King Husain,Rp 200.000,0020483103,King Husain
SARUNG GOYOR PRINT KING HUSAIN,Rp 200.000,0020705427,King Husain
Sarung Goyor Print King Husain,Rp 200.000,0020483200,King Husain
SARUNG GOYOR PRINT KING HUSAIN,Rp 200.000,0020705524,King Husain
set taplak sarung bantal sofa UMKM Kemenparekraf RI,Rp 500.000,0031630731,melly handmade
sarung goyor print king husain,Rp 200.000,0020707658,King Husain
sarung goyor print king husain,Rp 200.000,0020707367,King Husain
Sarung Goyor Print King Husain,Rp 200.000,0020483394,King Husain
SARUNG GOYOR PRINT KING HUSAIN,Rp 200.000,0020705621,King Husain
sarung goyor print king husain,Rp 200.000,0020707464,King Husain
sarung goyor print king husain,Rp 200.000,0020707561,King Husain
SARUNG GOYOR PRINT KING HUSAIN,Rp 200.000,0020705718,King Husain
YOUNG YOUNG Sarung Tangan Karet Latex 8.5 Inch,Rp 68.000,3338739128,Bhinneka
sarung tangan,Rp 12.000,0027085020,EJ PRODUCT
Sarung Tangan,Rp 46.000,0025819946,MITRA USAHA SUKSES
sarung borgol putih,Rp 45.344,0029340658,MITRA USAHA SUKSES
sarung borgol hitam,Rp 45.344,0029340561,MITRA USAHA SUKSES
Sarung Tangan Bintik,Rp 8.000,0025646607,UD Delapan Satu
Sarung Tangan Kain,Rp 108.247,0034735216,PT.Rekpendo Kirana Mahestri
SARUNG TANGAN BINTIK,Rp 57.720,0034830470,CV. ARYA ABADI PERKASA
sarung pentung hitam,Rp 20.702,0029340367,MITRA USAHA SUKSES
sarung tangan karet,Rp 280.000,0034928246,Toko GSA
Sarung Tangan Impor,Rp 15.000,0019998976,PT. KARYA INDAH MAS
Unsuccessful,Unsuccessful,Unsuccessful,Unsuccessful
SAPPHIRE Sarung Tenun Polos,Rp 65.000,0007953613,GudangSajadah
Gajah Jaya Sarung Celana Anak,Rp 35.500,0005887901,GudangSajadah
Gajah Jaya Sarung Celana Dewasa,Rp 37.000,0008285838,GudangSajadah
Sarung Tangan Plastik Srawberi,Rp 9.435,0026849892,CV Sumber Bumi Madura
LITON Sarung Tangan Gym,Rp 7.500,0028048230,Toko Bersama
Sarung Tangan Karet PVC,Rp 80.000,0025110779,BUMI ANUGERAH MANDIRI
Sarung Tangan Kerja Bintik,Rp 60.000,0025111361,BUMI ANUGERAH MANDIRI
Sarung Tangan Karet PVC,Rp 80.000,0025110779,BUMI ANUGERAH MANDIRI
Sarung Tangan Kerja Bintik,Rp 60.000,0025111361,BUMI ANUGERAH MANDIRI
sarung tangan kain bintik,Rp 26.000,0029797625,Perkasa Inti Makmur
Sarung Tangan anti panas,Rp 17.760,0026925358,MITRA USAHA SUKSES
Atlas Sarung Premium Donggala,Rp 90.000,0008523973,Sarung Atlas
Sarung Tisu songket,Rp 14.900,0031477277,Souvenir Cek Ala
Matougui Sarung tangan 6028P,Rp 89.000,0003702006,Matougui
Sarung Tisu songket,Rp 14.900,0031477374,Souvenir Cek Ala
Sarung Tisu songket,Rp 14.900,0031477180,Souvenir Cek Ala
Sarung Tangan Pewarnaan,Rp 5.550,0017798046,ASTOETIK
Sarung Tangan Pewarnaan,Rp 33.300,0017797949,ASTOETIK
TWILIGHTZONE Sarung Penutup Pakaian,Rp 96.000,0002741221,Twilight Zone
Sarung Tangan Las Welding,Rp 59.940,0034284748,Dempo Center
Atlas Sarung Premium Gerimis,Rp 90.000,0008523585,Sarung Atlas
Atlas Sarung Idaman 525,Rp 77.000,0008522518,Sarung Atlas
Atlas Sarung Super Premium,Rp 313.000,0008522712,Sarung Atlas
Atlas Sarung Idaman Songket,Rp 119.500,0008438031,Sarung Atlas
Atlas Sarung Favorit,Rp 67.000,0008146158,Sarung Atlas
Sarung Tangan Pekerja Proyek Sarung Tangan Bintik Rajut Kasar Working Glove,Rp 5.600,0023170682,Kobucca Shop
Atlas Sarung Legenda Monochrome,Rp 63.000,0008144703,Sarung Atlas
TIGER Sarung Tangan 5 Benang,Rp 26.500,3326600257,Bhinneka
Sarung Tangan Karet Otory 5,Rp 30.000,0025087887,BUMI ANUGERAH MANDIRI
Sarung Bantal Raysha,Rp 60.000,0034139830,Autism World Raysha
Atlas Sarung Premium Gerimis,Rp 90.000,0008523488,Sarung Atlas
Atlas Sarung Idaman Serasi,Rp 144.500,0008144606,Sarung Atlas
Tough Sarung tangan Tough 1953,Rp 110.000,3327413311,Bhinneka
Sarung Tangan Oven Anti Panas,Rp 179.820,0035167545,Multisarana.id
Sarung Tangan Keselamatan RPG Banteng,Rp 33.300,0034101418,PT. Sumber Lancar Cemerlang
Matougui 6032B Sarung Tangan Motor,Rp 78.000,0004063816,Matougui
Bakuldolanan Sarung Tangan Berkebun 4 Cakar,Rp 25.500,0013687380,bakuldolanan
Atlas Sarung Idaman 570 Songket,Rp 119.500,0027369424,Sarung Atlas
Atlas Sarung Idaman 570 Songket,Rp 119.500,0027369618,Sarung Atlas
Atlas Sarung Idaman 570 Songket,Rp 119.500,0027756260,Sarung Atlas
Atlas Sarung Idaman 570 Songket,Rp 119.500,0027755775,Sarung Atlas
Tough Sarung Tangan GS-1980,Rp 121.500,3322863138,Bhinneka
Pisau sarung kecil lombok handmade,Rp 20.000,0023842601,BAPELO
Sarung Bantal Raysha,Rp 60.000,0034147493,Autism World Raysha
SENSI SARUNG TANGAN MEDIS,Rp 121.227,0014061024,Apotek Medicastore
Gajah Duduk Sarung,Rp 65.000,0007308951,GudangSajadah
SENSI SARUNG TANGAN MEDIS,Rp 121.226,0014060927,Apotek Medicastore
WADIMOR Sarung Tenun Polos - Black,Rp 57.500,0005403192,GudangSajadah
SENSI SARUNG TANGAN MEDIS,Rp 121.226,0014060927,Apotek Medicastore
SENSI SARUNG TANGAN MEDIS,Rp 121.226,0014060830,Apotek Medicastore
SAFEGLOVE Sarung Tangan Latex,Rp 252.500,3336925325,Bhinneka
3M Sarung Tangan Comfort Grip,Rp 83.250,0035737420,BERKAH QUALITINDO TEHNIK
Atlas Sarung Super Premium,Rp 313.000,0008522615,Sarung Atlas
Atlas Sarung Idaman Serasi,Rp 90.000,0008144509,Sarung Atlas
Bakuldolanan Sarung Tangan Berkebun 8 Cakar,Rp 35.500,0009829690,bakuldolanan
Atlas Sarung Idaman 570 Songket,Rp 119.500,0027369909,Sarung Atlas
Atlas Sarung Idaman 570 Songket,Rp 119.500,0027755969,Sarung Atlas
GLOVY Sarung Tangan Plastik Isi 100 Pcs,Rp 9.000,0027905058,Delima Packaging
IMUNDEX Baby Mitten Teether / sarung tangan gigitan bayi SNI BPA- Free Organik + Tas Pouch Penyimpan,Rp 93.500,0014318074,IMUNDEX Official Store
IMUNDEX Baby Mitten Teether / sarung tangan gigitan bayi SNI BPA- Free Organik + Tas Pouch Penyimpan,Rp 93.500,0014318171,IMUNDEX Official Store
IMUNDEX Baby Mitten Teether / sarung tangan gigitan bayi SNI BPA- Free Organik + Tas Pouch Penyimpan,Rp 93.500,0014318462,IMUNDEX Official Store
Anak Gajah Sarung Anak Tayo/Upin,Rp 27.500,0006264649,GudangSajadah
GOSAVE Sarung Tangan Katun Bintik,Rp 45.000,3338869593,Bhinneka
Sarung bantal jumputan UMKM Kemenparekraf RI,Rp 300.000,0031656339,Cek Aya
HOUSEHOLD SARUNG TANGAN KARET KOREA KUNING,Rp 9.350,0013806884,Gardening Solution
IMUNDEX Baby Mitten Teether / sarung tangan gigitan bayi SNI BPA- Free Organik + Tas Pouch Penyimpan,Rp 93.500,0014318365,IMUNDEX Official Store
Sarung Tangan Plastik isi 50 set,Rp 24.000,0014306822,CV KOTA PELAJAR
Sarung Tangan Plastik isi 50 set,Rp 24.000,0014985337,CV Hen Tecahi Papua
BULACKHAWKI Sarung Tangan 6024B,Rp 89.000,0008450350,Unsuccessful
Atlas Sarung Super 950 Kombinasi,Rp 165.500,0008147128,Sarung Atlas
Hasston Sarung Tangan Karet,Rp 28.500,3336651688,Bhinneka
KENMASTER SARUNG TANGAN SAFETY PUTIH S,Rp 6.500,0031953644,ToolBoss
Atlas Sarung Idaman 570 Songket,Rp 119.500,0027756163,Sarung Atlas
Atlas Sarung Idaman 525 Es Lilin,Rp 77.000,0008146449,Sarung Atlas
ELSEC INSULATING GLOVES 20KV. SARUNG TANGAN,Rp 946.500,0020093260,Toko Best
sarung bantal kursi rajut motip daun,Rp 250.000,0031415682,Tienaku Handmade
Hasston Sarung Tangan Kombinasi,Rp 40.500,3336651106,Bhinneka
Sarung Bantal Custom Nawasana,Rp 85.000,0016876740,AJ Graphics Nawasana
Sarung Bantal Guling Crema Kintakun Dluxe,Rp 30.525,0034195508,Kintakun Sprei Bedcover
SAFEGUARD Sarung Tangan GL206 12 pairs,Rp 903.500,3336898262,Bhinneka
Tough Sarung Tangan Argon Tough impor,Rp 89.500,3327413214,Bhinneka
Atlas Sarung Idaman 570 Songket,Rp 119.500,0027755872,Sarung Atlas
Atlas Sarung Idaman 570 Songket,Rp 119.500,0027756066,Sarung Atlas
Atlas Sarung Idaman 570 Songket,Rp 119.500,0027369521,Sarung Atlas
Atlas Sarung Idaman 570 Songket,Rp 119.500,0027369812,Sarung Atlas
Atlas Sarung Idaman 570 Songket,Rp 119.500,0027369715,Sarung Atlas
TAMA Sarung Tangan Drummer Size L TDG1L,Rp 302.000,SKU03416337,Bhinneka
Sarung Tangan Oven Anti Panas,Rp 121.079,0035189758,Multisarana.id
B-SAVE Sarung Tangan 1912 12 Pcs,Rp 411.000,3327414378,Bhinneka
B-SAVE Sarung Tangan Karet Latex,Rp 12.000,3338595762,Bhinneka
MATAHARI Sarung Tangan Motif 5 Bintik Kuning,Rp 35.500,3337740804,Bhinneka
WADIMOR Sarung Tenun Motif Bali Ukuran Dewasa,Rp 65.000,0005230338,GudangSajadah
Atlas Sarung Premium 790 Songket Special,Rp 183.000,0008145479,Sarung Atlas
BULACKHAWKI Sarung Tangan Motor MTG001,Rp 89.000,0012038671,Unsuccessful
BULACKHAWKI Sarung Tangan Motor MTG001,Rp 89.000,0012046043,Unsuccessful
Matougui Sarung Tangan Motor Probikers 6030P,Rp 89.000,0007977184,Matougui
Matougui Sarung Tangan Motor 6016B,Rp 60.000,0007974953,Unsuccessful
Atlas Sarung Super 950 Tumpal Kembang,Rp 165.500,0008145285,Sarung Atlas
Atlas Sarung Legenda Es Lilin Besar,Rp 63.000,0008146837,Sarung Atlas
B-SAVE Sarung Tangan Karet Latex,Rp 12.000,3338595665,Bhinneka
MATAHARI Sarung Tangan Motif 5 Bintik Hitam,Rp 40.000,3327979112,Bhinneka
SARUNG TENUN COTTON 3R-VIYWC-EQPT-001,Rp 162.060,0033112794,3R Linen Official Store
Matougui Sarung Tangan Motor 6013B,Rp 89.000,0012046237,Unsuccessful
Matougui Sarung Tangan Motor 6016B,Rp 106.000,3328762484,Unsuccessful
Matougui Sarung Tangan Motor 6016B,Rp 106.000,3328761611,Unsuccessful
Sarung Bantal Custom Nawasana,Rp 85.000,0016879650,AJ Graphics Nawasana
Gajah Kharisma Sarung Sholat Bawahan Muslim Pria,Rp 20.000,0006266104,GudangSajadah
Matougui Sarung Tangan Motor 6016B,Rp 60.000,0007974759,Unsuccessful
Matougui Sarung Tangan Motor 6016B,Rp 60.000,0007975341,Unsuccessful
Sarung Tangan Oven Anti Panas,Rp 121.079,0035189952,Multisarana.id
Sarung Tangan Oven Anti Panas,Rp 121.079,0035189855,Multisarana.id
Sarung Tangan Oven Anti Panas,Rp 121.079,0035189661,Multisarana.id
Matougui Sarung Tangan Motor 6016B,Rp 106.000,3328762096,Unsuccessful
Matougui Sarung Tangan Motor 6013B,Rp 89.000,0012046528,Unsuccessful
Matougui Sarung Tangan Motor 6013B,Rp 89.000,0012046819,Unsuccessful
Sarung Tangan Glove Latex Industrial Krisbow KW1000420,Rp 47.000,0016842790,Perkakas Jakarta
Matougui Sarung Tangan Motor 6016B,Rp 60.000,0007975147,Unsuccessful
Matougui Sarung Tangan Motor 6016B,Rp 60.000,0007975438,Unsuccessful
Matougui Sarung Tangan Motor 6016B,Rp 60.000,0007974856,Unsuccessful
Sarung Kain Potong Rambut Salon Barbershop - Hitam,Rp 36.750,0034934066,Toko GSA
BULACKHAWKI Sarung Tangan Motor MTG001,Rp 89.000,0012045752,Unsuccessful
Kintakun - Sarung Bantal Guling Dluxe Brandied Apricot,Rp 30.525,0034185614,Kintakun Sprei Bedcover
TAMA Sarung Tangan Drummer Size XL TDG1XL,Rp 302.000,3316430777,Bhinneka
CASTONG Sarung Tangan Castong Yerr 15 500C,Rp 685.000,3327414087,Bhinneka
TAMA Sarung Tangan Drummer Size M TDG1M,Rp 302.000,SKU03416338,Bhinneka
Sarung Tangan Oven Tahan Panas Silikon,Rp 127.372,0035188788,Multisarana.id
Sarung Tangan Oven Anti Panas,Rp 121.079,0035190049,Multisarana.id
TAMA Sarung Tangan Drummer Size M TDG1M,Rp 302.000,SKU03416338,Bhinneka
Mister Klinner Sarung Tangan Plastik Tebal 100 pcs,Rp 10.000,0028918514,Mister Klinner Official
Sarung Pria GAJAH MANGGIS Dewasa All Size,Rp 36.500,0034756847,GudangSajadah
KENMASTER SARUNG TANGAN ANTI PISAU / ANTI POTONG HT1709,Rp 37.500,0031955681,ToolBoss
Hasston Sarung Tangan 14 Inch Blue,Rp 87.000,3336650815,Bhinneka
Matougui Sarung Tangan Motor Taktis 6013P,Rp 89.000,0007971170,Unsuccessful
Mechanix Wear Sarung Tangan Motor 6018B,Rp 89.000,0008450059,Unsuccessful
Mechanix Wear Sarung Tangan Motor 6018B,Rp 89.000,0008449865,Unsuccessful
Mechanix Wear Sarung Tangan Motor 6017B,Rp 89.000,0012039738,Unsuccessful
Matougui Sarung Tangan Motor Taktis 6013P,Rp 89.000,0007971267,Unsuccessful
Matougui Sarung Tangan Motor 6016B,Rp 60.000,0007975244,Unsuccessful
Matougui Sarung Tangan Motor 6016B,Rp 60.000,0007975050,Unsuccessful
Mechanix Wear Sarung Tangan Motor 6017B,Rp 89.000,0012039350,Unsuccessful
Felis Choce Sarung Pelindung Motor XXL Black/Red,Rp 164.000,0002512883,Conner Official
Gamalice Sarung Tangan Asli Kulit Sapi,Rp 55.500,0007468128,Unsuccessful
B-SAVE Sarung Tangan Karet Latex,Rp 12.000,3338595859,Bhinneka
Sarung Tangan Jempol Hp Harga Satuan Finger Cots,Rp 4.100,0029089913,Kobucca Shop
Hasston Sarung Tangan 16 Inch Blue,Rp 102.000,3336650718,Bhinneka
YOUNG YOUNG Sarung Tangan Karet Latex 8.5 Inch,Rp 68.000,0027266022,PT. Kirana Teknik Solusi
COMET Sarung tangan Anti Static CG 813 Limited,Rp 59.780,0034966658,Simplay
B-SAVE Sarung Tangan Pemadam Api Nomex Lokal,Rp 575.500,3327414475,Bhinneka
Matougui Sarung Tangan Motor 6016B,Rp 60.000,0007975535,Unsuccessful
Sarung Bantal Nawasana Blue Flower,Rp 85.000,0016968017,AJ Graphics Nawasana
Sarung Bantal Custom Nawasana Purple,Rp 85.000,0016929605,AJ Graphics Nawasana
Kintakun Sarung Bantal Guling Dluxe Microfiber - Cool Blue,Rp 30.525,0034188330,Kintakun Sprei Bedcover
Matougui Sarung Tangan Motor Taktis 6013P,Rp 89.000,0007971364,Unsuccessful
Mechanix Wear Sarung Tangan Motor 6018B,Rp 89.000,0008449962,Unsuccessful
Mechanix Wear Sarung Tangan Motor 6017B,Rp 89.000,0012039544,Unsuccessful
Atlas Sarung Premium 770 Songket Gerimis,Rp 108.000,0008147419,Sarung Atlas
Sarung Tangan Oven Tahan Panas Silikon,Rp 127.372,0035188885,Multisarana.id
SARUNG PELINDUNG MOTOR / SEPEDA MOTOR - COVER SELIMUT MOTOR,Rp 25.000,0032957400,Toko Favorit
Carindo Sarung Setir Mobil Universal CS-01,Rp 121.500,0007990958,CARINDO AUTO PARTS
Atlas Sarung Premium 790 Songket Special,Rp 183.000,0008145576,Sarung Atlas
Gloves Full PERFECT / Sarung Tangan Safety - Edelweiss - M,Rp 688.200,0035395592,Safe2High
KENMASTER SARUNG TANGAN LAS SAFETY GLOVES KULIT SAPI ASLI,Rp 17.000,0032403239,ToolBoss
B-SAVE Sarung Jok Ferari Toyota Agya 2019,Rp 932.500,3334753204,Bhinneka
B-SAVE Sarung Jok Ferari Toyota Avanza 2019,Rp 1.066.000,3334739818,Bhinneka
B-SAVE Sarung Jok Ferari Toyota Avanza 2020,Rp 1.066.000,3334740206,Bhinneka
Sarung Pria GAJAH MANGGIS Dewasa All Size,Rp 36.500,0034756944,GudangSajadah
B-SAVE Sarung Jok Ferari Toyota Agya 2020,Rp 932.500,3334753689,Bhinneka
B-SAVE Sarung Jok Ferari Toyota Agya 2016,Rp 932.500,3334751943,Bhinneka
B-SAVE Sarung Jok Ferari Toyota Avanza 2017,Rp 1.066.000,3334739042,Bhinneka
B-SAVE Sarung Jok Ferari Toyota Agya 2020,Rp 932.500,3334753689,Bhinneka
B-SAVE Sarung Jok Ferari Toyota Agya 2015,Rp 932.500,3334760964,Bhinneka
B-SAVE Sarung Jok Ferari Toyota Avanza 2020,Rp 1.066.000,3334740206,Bhinneka
B-SAVE Sarung Jok Ferari Toyota Avanza 2019,Rp 1.066.000,3334739818,Bhinneka
Kintakun Sarung Bantal Dluxe Isi 1 Pc Microfiber - Tangerine,Rp 15.429,0034188233,Kintakun Sprei Bedcover
TaffSPORT Cover Sarung Pelindung Sepeda dan Motor Matic,Rp 35.500,0007373068,Blomgee Retail
B-SAVE Sarung Jok Ferari Toyota Agya 2016,Rp 932.500,3334752040,Bhinneka
B-SAVE Sarung Jok Ferari Toyota Agya 2019,Rp 932.500,3334753107,Bhinneka
B-SAVE Sarung Jok Ferari Toyota Avanza 2017,Rp 1.066.000,3334738945,Bhinneka
B-SAVE Sarung Jok Ferari Toyota Agya 2020,Rp 932.500,3334753592,Bhinneka
B-SAVE Sarung Jok Oscar Ferari Calya 2018,Rp 1.066.000,3334747093,Bhinneka
B-SAVE Sarung Jok Ferari Toyota Agya 2018,Rp 932.500,3334752816,Bhinneka
B-SAVE Sarung Jok Oscar Ferari Calya 2019,Rp 1.066.000,3334747384,Bhinneka
B-SAVE Sarung Jok Oscar Ferari Calya 2019,Rp 1.066.000,3334747481,Bhinneka
Dust Proof Bike Wheel Cover Protector - Sarung Sepeda MTB,Rp 119.500,0020999046,lacarla
B-SAVE Sarung Tangan Kombinasi Kulit Profit 12 Pcs,Rp 363.500,3327413505,Bhinneka
B-SAVE Sarung Tangan Anti-Static Glove AS-6022,Rp 40.500,3322862944,Bhinneka
B-SAVE Sarung Jok Oscar Ferari Calya 2017,Rp 1.066.000,3334746511,Bhinneka
B-SAVE Sarung Jok Ferari Toyota Agya 2017,Rp 932.500,3334752428,Bhinneka
B-SAVE Sarung Jok Ferari Toyota Avanza 2016,Rp 1.066.000,3334738557,Bhinneka
B-SAVE Sarung Jok Ferari Toyota Avanza 2019,Rp 1.066.000,3334739721,Bhinneka
B-SAVE Sarung Jok Ferari Toyota Avanza 2018,Rp 1.066.000,3334739430,Bhinneka
Hasston Super Sarung Tangan Kulit 14 Inch,Rp 108.000,3336651009,Bhinneka
Blue Rabbit Sarung Tangan Katun 4 Benang 1 Lusin,Rp 23.500,3335086981,Bhinneka
B-SAVE Sarung Jok Ferari Toyota Agya 2017,Rp 932.500,3334752331,Bhinneka
B-SAVE Sarung Jok Ferari Toyota Avanza 2016,Rp 1.066.000,3334738654,Bhinneka
B-SAVE Sarung Jok Ferari Toyota Avanza 2018,Rp 1.066.000,3334739333,Bhinneka
B-SAVE Sarung Jok Ferari Toyota Avanza 2020,Rp 1.066.000,3334740109,Bhinneka
B-SAVE Sarung Jok Oscar Ferari Calya 2018,Rp 1.066.000,3334746996,Bhinneka
B-SAVE Sarung Jok Ferari Toyota Agya 2015,Rp 932.500,3334760867,Bhinneka
B-SAVE Sarung Jok Oscar Ferari Calya 2017,Rp 1.066.000,3334746608,Bhinneka
B-SAVE Sarung Jok Oscar Ferari Calya 2020,Rp 1.066.000,3334747869,Bhinneka
BTWIN Cover Pelindung Sarung Sepeda Gunung Lipat Balap MTB,Rp 374.900,0020728028,Z SPORT
Kintakun Sarung Bantal Dluxe Isi 1 Pc Microfiber - Anchor,Rp 15.429,0034188136,Kintakun Sprei Bedcover
Hasston Super Sarung Tangan Kulit 16 Inch,Rp 124.500,3336650621,Bhinneka
B-SAVE Sarung Jok Oscar Ferari Calya 2017,Rp 1.066.000,3334746705,Bhinneka
B-SAVE Sarung Jok Ferari Toyota Agya 2019,Rp 932.500,3334753301,Bhinneka
B-SAVE Sarung Jok Ferari Toyota Agya 2019,Rp 932.500,3334753495,Bhinneka
Sarung Tangan Work Glove 10IN Golden & Yellow Leather Krisbow KW1000241,Rp 190.000,0017061428,Perkakas Jakarta
B-SAVE Sarung Jok Oscar Ferari Calya 2020,Rp 1.066.000,3334748063,Bhinneka
SARUNG TANGAN MOTOR RAJUT SETENGAH JARI UNISEX PRIA WANITA,Rp 12.500,0032029110,GIF Star
SARUNG TANGAN MOTOR RAJUT SETENGAH JARI UNISEX PRIA WANITA,Rp 12.500,0032029013,GIF Star
B-SAVE Sarung Jok Oscar Ferari Calya 2019,Rp 1.066.000,3334747675,Bhinneka
BTWIN Sarung Tangan Bersepeda Gunung Lipat Balap MTB Roadbike,Rp 89.900,0020756061,Z SPORT
B-SAVE Sarung Jok Ferari Toyota Avanza 2017,Rp 1.066.000,3334739139,Bhinneka
B-SAVE Sarung Jok Ferari Toyota Avanza 2017,Rp 1.066.000,3334739236,Bhinneka
B-SAVE Sarung Jok Mobil Xenia Bahan Oscar,Rp 706.500,3329462921,Bhinneka
B-SAVE Sarung Jok Ferari Toyota Avanza 2016,Rp 1.066.000,3334738848,Bhinneka
B-SAVE Sarung Jok Ferari Toyota Avanza 2016,Rp 1.066.000,3334738751,Bhinneka
B-SAVE Sarung Jok Ferari Toyota Avanza 2020,Rp 1.066.000,3334740400,Bhinneka
B-SAVE Sarung Jok Ferari Toyota Avanza 2020,Rp 1.066.000,3334740303,Bhinneka
Mister Klinner Sarung Tangan Plastik Tebal 100 pcs - Twelve Pack,Rp 120.000,0028918805,Mister Klinner Official
B-SAVE Sarung Jok Ferari Toyota Agya 2018,Rp 932.500,3334753010,Bhinneka
B-SAVE Sarung Jok Ferari Toyota Agya 2018,Rp 932.500,3334752913,Bhinneka
B-SAVE Sarung Jok Ferari Toyota Avanza 2018,Rp 1.066.000,3334739527,Bhinneka
B-SAVE Sarung Jok Ferari Toyota Agya 2015,Rp 932.500,3334761158,Bhinneka
Produksi Souvenir Payung Eksklusif Golf Otomatis Sarung Kain Tipe 75003,Rp 95.000,0029169065,Zeropromosi
Hasston Sarung Tangan 10 1/2 Inch Blue,Rp 46.500,3336650912,Bhinneka
Sarung Tangan Cuci Piring PREMIUM Multifungsi Silikon Sepasang Purple,Rp 29.000,0021017476,lacarla
Sarung Tangan Cuci Piring PREMIUM Multifungsi Silikon Sepasang Green,Rp 29.000,0021017185,lacarla
Sarung Tangan Cuci Piring PREMIUM Multifungsi Silikon Sepasang Grey,Rp 29.000,0021017282,lacarla
B-SAVE Sarung Jok Oscar Ferari Calya 2017,Rp 1.066.000,3334746705,Bhinneka
SARUNG BANTAL OSCAR 50CM X 70CM 3R-HRNAL-LNMW-002,Rp 145.410,0033100281,3R Linen Official Store
B-SAVE Sarung Jok Ferari Toyota Agya 2019,Rp 932.500,3334753301,Bhinneka
B-SAVE Sarung Jok Ferari Toyota Agya 2019,Rp 932.500,3334753495,Bhinneka
B-SAVE Sarung Jok Ferari Toyota Agya 2017,Rp 932.500,3334752622,Bhinneka
SARUNG TANGAN MOTOR RAJUT SETENGAH JARI UNISEX PRIA WANITA,Rp 12.500,0032029304,GIF Star
B-SAVE Sarung Jok Ferari Toyota Agya 2020,Rp 932.500,3334753883,Bhinneka
SARUNG GULING CVC 35CM X 100CM 3R-JGCWX-LNMW-001,Rp 81.030,0033099893,3R Linen Official Store
B-SAVE Sarung Jok Ferari Toyota Avanza 2019,Rp 1.066.000,3334740012,Bhinneka
B-SAVE Sarung Jok Ferari Toyota Avanza 2019,Rp 1.066.000,3334739915,Bhinneka
Mister Klinner Sarung Tangan Plastik Tebal 100 pcs - Six Pack,Rp 60.000,0028918611,Mister Klinner Official
Sarung Tangan Cuci Piring PREMIUM Multifungsi Silikon Sepasang Blue,Rp 29.000,0021017088,lacarla
SARUNG BANTAL CVC 60CM X 80CM 3R-HRNAL-LNMW-005,Rp 96.570,0033098244,3R Linen Official Store
BTWIN Sarung Tangan Bersepeda Gunung Lipat Balap MTB Roadbike,Rp 89.900,0020756352,Z SPORT
BTWIN Sarung Tangan Bersepeda Gunung Lipat Balap MTB Roadbike,Rp 89.900,0020756255,Z SPORT
BTWIN Sarung Tangan Bersepeda Gunung Lipat Balap MTB Roadbike,Rp 89.900,0020756158,Z SPORT
B-SAVE Sarung Jok Ferari Toyota Avanza 2018,Rp 1.066.000,3334739624,Bhinneka
Sarung Tangan Cuci Piring PREMIUM Multifungsi Silikon Sepasang Blue,Rp 29.000,0021017088,lacarla
B-SAVE Sarung Jok Oscar Ferari Calya 2017,Rp 1.066.000,3334746802,Bhinneka
Sarung Tangan Cuci Piring PREMIUM Multifungsi Silikon Sepasang Pink,Rp 29.000,0021017379,lacarla
B-SAVE Sarung Jok Ferari Toyota Agya 2017,Rp 932.500,3334752622,Bhinneka
Souvenir Payung standar gagang J Sarung Kain Lapis Silver Custom,Rp 35.500,0029860869,Zeropromosi
B-SAVE Sarung Jok Ferari Toyota Avanza 2019,Rp 1.066.000,3334740012,Bhinneka
B-SAVE Sarung Jok Ferari Toyota Avanza 2019,Rp 1.066.000,3334739915,Bhinneka
B-SAVE Sarung Jok Ferari Toyota Avanza 2018,Rp 1.066.000,3334739624,Bhinneka
SARUNG GULING OSCAR 35CM X 100CM 3R-JGCWX-LNMW-002,Rp 145.410,0033100475,3R Linen Official Store
Mister Klinner Sarung Tangan Plastik Tebal 100 pcs - Twin Pack,Rp 20.000,0028918902,Mister Klinner Official
Mister Klinner Sarung Tangan Plastik Tebal 100 pcs - Triple Pack,Rp 30.000,0028918708,Mister Klinner Official
BTWIN Sarung Tangan Bersepeda Gunung Lipat Balap MTB Roadbike,Rp 89.900,0020755964,Z SPORT
B-SAVE Sarung Jok Oscar Ferari Calya 2020,Rp 1.066.000,3334747966,Bhinneka
Garden Genie Gloves - Quick Way to Garden - Sarung Tangan Berkebun,Rp 25.000,0018952637,lacarla
SARUNG TANGAN MOTOR RAJUT SETENGAH JARI UNISEX PRIA WANITA,Rp 12.500,0032029207,GIF Star
SARUNG TANGAN MOTOR RAJUT SETENGAH JARI UNISEX PRIA WANITA,Rp 12.500,0032028916,GIF Star
SARUNG TANGAN MOTOR RAJUT SETENGAH JARI UNISEX PRIA WANITA,Rp 12.500,0032028819,GIF Star
B-SAVE Sarung Jok Oscar Ferari Calya 2018,Rp 1.066.000,3334747287,Bhinneka
B-SAVE Sarung Jok Oscar Ferari Calya 2019,Rp 1.066.000,3334747578,Bhinneka
B-SAVE Sarung Jok Ferari Toyota Agya 2020,Rp 932.500,3334753786,Bhinneka
B-SAVE Sarung Jok Ferari Toyota Agya 2017,Rp 932.500,3334752525,Bhinneka
Carindo Sarung Setir Mobil Universal Semi Kulit CS-SK,Rp 50.500,0011133758,CARINDO AUTO PARTS
Carindo Sarung Setir Mobil Universal Semi Kulit CS-04,Rp 50.500,0011245987,CARINDO AUTO PARTS
Sarung Tangan Glove Nylon PU Mechanical Grip DOZ Krisbow 10097284,Rp 257.000,0017081216,Perkakas Jakarta
Carindo Sarung Setir Mobil Universal Semi Kulit CS-SK,Rp 50.500,0011133952,CARINDO AUTO PARTS
Carindo Sarung Setir Mobil Universal Semi Kulit CS-04,Rp 121.500,0011246181,CARINDO AUTO PARTS
B-SAVE Sarung Tangan Kombinasi Kulit 12 Pcs,Rp 411.000,3327413408,Bhinneka
Kintakun Home Sarung Bantal Sofa Cushion Cover Choco 50 x 50,Rp 15.540,0034187554,Kintakun Sprei Bedcover
Kintakun Home Sarung Bantal Sofa Cushion Cover Hexapink 50 x 50,Rp 15.540,0034187845,Kintakun Sprei Bedcover
Kintakun Home Sarung Bantal Sofa Cushion Cover Dante 50 x 50,Rp 15.540,0034187748,Kintakun Sprei Bedcover
Kintakun Home Sarung Bantal Sofa Cushion Cover Starry 50 x 50,Rp 15.540,0034187942,Kintakun Sprei Bedcover
Kintakun Home Sarung Bantal Sofa Cushion Cover Starry 60 x 60,Rp 18.870,0034188039,Kintakun Sprei Bedcover
Sarung Tangan Work Glove Latex M-L Blue-Pink Krisbow 10153727,Rp 37.000,0017081992,Perkakas Jakarta
Cover / Jas Hujan / Sarung / Pelindung Motor FUSION R untuk HONDA BEAT,Rp 90.000,0017317023,Monster Otomotif
Cover / Jas Hujan / Sarung / Pelindung Motor FUSION R untuk HONDA KHARISMA,Rp 90.000,0018333292,Monster Otomotif
Cover / Jas Hujan / Sarung / Pelindung Motor FUSION R untuk YAMAHA NMAX,Rp 95.000,0017298593,Monster Otomotif
Cover / Jas Hujan / Sarung / Pelindung Motor FUSION R untuk YAMAHA VEGA,Rp 90.000,0018279942,Monster Otomotif
Cover / Jas Hujan / Sarung / Pelindung Motor FUSION R untuk HONDA ADV,Rp 95.000,0017840629,Monster Otomotif
Cover / Jas Hujan / Sarung / Pelindung Motor FUSION R untuk SUZUKI ADDRESS,Rp 90.000,0018237844,Monster Otomotif
SARUNG BANTAL TROPICAL / OXFORD 50CM X 70CM 3R-HRNAL-LNMW-002,Rp 153.180,0033111048,3R Linen Official Store
Kintakun Home Sarung Bantal Sofa Cushion Cover Starry 50 x 50,Rp 15.540,0034187942,Kintakun Sprei Bedcover
Kintakun Home Sarung Bantal Sofa Cushion Cover Starry 60 x 60,Rp 18.870,0034188039,Kintakun Sprei Bedcover
Cover / Jas Hujan / Sarung / Pelindung Motor FUSION R untuk YAMAHA XABRE,Rp 95.000,0018167519,Monster Otomotif
Cover / Jas Hujan / Sarung / Pelindung Motor FUSION R untuk HONDA SPACY,Rp 95.000,0018322913,Monster Otomotif
Cover / Jas Hujan / Sarung / Pelindung Motor FUSION R untuk YAMAHA LEXI,Rp 90.000,0017962364,Monster Otomotif
Cover / Jas Hujan / Sarung / Pelindung Motor FUSION R untuk HONDA SONIC,Rp 90.000,0017388900,Monster Otomotif
ROCKBROS 20001 Windproof Rain Bicycle Helmet Cover - Sarung Helm Blue,Rp 29.000,0020991189,lacarla
SARUNG MEJA MAYO DRILL 55CM X 120CM 3R-IQCDW-LNOT-002,Rp 206.460,0033113085,3R Linen Official Store
ROCKBROS 20001 Windproof Rain Bicycle Helmet Cover - Sarung Helm Black,Rp 29.000,0020991092,lacarla
Cover / Jas Hujan / Sarung / Pelindung Motor FUSION R untuk YAMAHA FREEGO,Rp 95.000,0018173048,Monster Otomotif
Cover / Jas Hujan / Sarung / Pelindung Motor FUSION R untuk YAMAHA MIO,Rp 90.000,0017729370,Monster Otomotif
Cover / Jas Hujan / Sarung / Pelindung Motor FUSION R untuk YAMAHA SOUL,Rp 90.000,0018303416,Monster Otomotif
Kintakun Home Sarung Bantal Sofa Cushion Cover Astre 50 x 50,Rp 15.540,0034187360,Kintakun Sprei Bedcover
Kintakun Home Sarung Bantal Sofa Cushion Cover Cloudstar 50 x 50,Rp 15.540,0034187651,Kintakun Sprei Bedcover
Cover / Jas Hujan / Sarung / Pelindung Motor FUSION R untuk YAMAHA AEROX,Rp 95.000,0017785048,Monster Otomotif
Cover / Jas Hujan / Sarung / Pelindung Motor FUSION R untuk Motor VESPA,Rp 90.000,0017809201,Monster Otomotif
Cover / Jas Hujan / Sarung / Pelindung Motor FUSION R untuk HONDA VERZA,Rp 95.000,0018425830,Monster Otomotif
Cover / Jas Hujan / Sarung / Pelindung Motor FUSION R untuk YAMAHA VIXION,Rp 95.000,0017851687,Monster Otomotif
Cover / Jas Hujan / Sarung / Pelindung Motor FUSION R untuk YAMAHA XEON,Rp 90.000,0018417003,Monster Otomotif
Cover / Jas Hujan / Sarung / Pelindung Motor FUSION R untuk HONDA SCOOPY,Rp 90.000,0017730534,Monster Otomotif
SARUNG BANTAL COTTON SUPER 60CM X 80CM 3R-HRNAL-LNMW-008,Rp 163.170,0033111242,3R Linen Official Store
SARUNG BANTAL OSCAR / VINYL 60CM X 80CM 3R-HRNAL-LNMW-006,Rp 160.950,0033100378,3R Linen Official Store
Mister Klinner Sarung Tangan Plastik Tebal 100pcs 1 Karton 24 Pack,Rp 240.000,0028919096,Mister Klinner Official
Sarung Pelindung Sepatu Anti Air Latex Shoes Cover Waterproof Hujan Banjir,Rp 29.400,0023249931,Kobucca Shop
Matougui Holster Pistol Pinggang / Sarung Airsoft Bahan Kain Cordura SP2021,Rp 55.500,0008447925,Matougui
Matougui Holster Pistol Pinggang / Sarung Airsoft Bahan Kain Cordura SP2021,Rp 55.500,0008447828,Matougui
Kintakun Home Sarung Bantal Sofa Cushion Cover Berry 50 x 50,Rp 15.540,0034187457,Kintakun Sprei Bedcover
Kintakun Home Sarung Bantal Sofa Cushion Cover Anchor 50 x 50,Rp 15.540,0034187263,Kintakun Sprei Bedcover
Sarung Tangan Latex Suwarna isi 100 pcs/box - Handscoon Latex Suwarna,Rp 47.000,0033118129,Toko Favorit
Cover / Jas Hujan / Sarung / Pelindung Motor FUSION R untuk HONDA SUPRA X,Rp 90.000,0017888935,Monster Otomotif
Cover / Jas Hujan / Sarung / Pelindung Motor FUSION R untuk YAMAHA MIO J,Rp 90.000,0018227465,Monster Otomotif
Cover / Jas Hujan / Sarung / Pelindung Motor FUSION R untuk YAMAHA MX KING,Rp 95.000,0018185367,Monster Otomotif
Cover / Jas Hujan / Sarung / Pelindung Motor FUSION R untuk SUZUKI SATRIA FU,Rp 90.000,0017399958,Monster Otomotif
Anti-Slip Heat Insulation Gloves - Sarung Tangan Silikon Tahan Panas Blue,Rp 49.000,0020898651,lacarla
K8 - Car Seat Conditioning Cushion - Sarung Jok Bantal Pendingin Mobil Beige,Rp 415.000,0029426018,lacarla
Sarung tangan Nitrile Suwarna - Handscoon Biru FreePowder 100pcs Murah - Gloves Biru,Rp 135.000,0032964287,Toko Favorit
Sarung tangan Nitrile Suwarna - Handscoon Biru FreePowder 100pcs Murah - Gloves Biru,Rp 135.000,0032964190,Toko Favorit
Sarung tangan Nitrile Suwarna - Handscoon Biru FreePowder 100pcs Murah - Gloves Biru,Rp 135.000,0032964093,Toko Favorit
WIWU Skin Pro Platinum 16.2 - Microfiber Leather - Sarung Laptop 16.2 Brown,Rp 269.000,0030798665,lacarla
Gogreenstore Premium Cutlery Set 304 Pisau Steak Sujeo Komplit Box + Sarung,Rp 96.000,0007330582,GogreenStore
Anti-Slip Heat Insulation Gloves - Sarung Tangan Silikon Tahan Panas Blue,Rp 49.000,0020898651,lacarla
Sarung Tangan Latex Suwarna isi 100 pcs/box - Handscoon Latex Suwarna,Rp 90.000,0033118226,Toko Favorit
Cover / Jas Hujan / Sarung / Pelindung Motor FUSION R untuk HONDA CBR 150,Rp 95.000,0017336811,Monster Otomotif
WIWU Skin Pro Platinum 14.2 - Microfiber Leather - Sarung Laptop 14.2 Blue,Rp 259.000,0030798277,lacarla
WIWU Skin Pro Platinum 16.2 - Microfiber Leather - Sarung Laptop 16.2 Blue,Rp 269.000,0030798568,lacarla
WIWU Skin Pro Platinum 16.2 - Microfiber Leather - Sarung Laptop 16.2 Black,Rp 269.000,0030798471,lacarla
WIWU Skin Pro Platinum 14.2 - Microfiber Leather - Sarung Laptop 14.2 Brown,Rp 259.000,0030798374,lacarla
Anti-Slip Heat Insulation Gloves - Sarung Tangan Silikon Tahan Panas Pink,Rp 49.000,0020898845,lacarla
Anti-Slip Heat Insulation Gloves - Sarung Tangan Silikon Tahan Panas Grey,Rp 49.000,0020898748,lacarla
Gogreenstore Premium Cutlery Set 304 Pisau Steak Sujeo Komplit Box + Sarung,Rp 90.500,0007329903,GogreenStore
Gogreenstore Premium Cutlery Set 304 Pisau Steak Sujeo Komplit Box + Sarung,Rp 98.500,0007330291,GogreenStore
Gogreenstore Premium Cutlery Set 304 Pisau Steak Sujeo Komplit Box + Sarung,Rp 96.000,0007330194,GogreenStore
Gogreenstore Premium Cutlery Set 304 Pisau Steak Sujeo Komplit Box + Sarung,Rp 96.000,0007330388,GogreenStore
Sarung Tangan Glove Disposal Latex M-L Powder Free 100 Krisbow 10152298,Rp 316.000,0017081604,Perkakas Jakarta
VAN RYSEL ROADR 500 Sarung Tangan Sepeda Gunung Lipat MTB - Biru S,Rp 149.900,0020725991,Z SPORT
Gogreenstore Premium Cutlery Set 304 Pisau Steak Sujeo Komplit Box + Sarung,Rp 100.000,0007330000,GogreenStore
K8 - Car Seat Conditioning Cushion - Sarung Jok Bantal Pendingin Mobil Black,Rp 415.000,0029426115,lacarla
Sarung Tangan Latex Suwarna isi 100 pcs/box - Handscoon Latex Suwarna,Rp 90.000,0033118323,Toko Favorit
WIWU Skin Pro Platinum 13.3 - Microfiber Leather - Sarung Laptop 13.3 Brown,Rp 249.000,0030798083,lacarla
WIWU Skin Pro Platinum 13.3 - Microfiber Leather - Sarung Laptop 13.3 Blue,Rp 249.000,0030797986,lacarla
WIWU Skin Pro Platinum 13.3 - Microfiber Leather - Sarung Laptop 13.3 Black,Rp 249.000,0030797889,lacarla
WIWU Skin Pro Platinum 14.2 - Microfiber Leather - Sarung Laptop 14.2 Black,Rp 259.000,0030798180,lacarla
Cover / Jas Hujan / Sarung / Pelindung Motor FUSION R untuk YAMAHA X-RIDE,Rp 90.000,0018289933,Monster Otomotif
Cover / Jas Hujan / Sarung / Pelindung Motor FUSION R untuk SUZUKI GSX 150R,Rp 95.000,0018087785,Monster Otomotif
Cover / Jas Hujan / Sarung / Pelindung Motor FUSION R untuk HONDA MEGA PRO,Rp 95.000,0018175182,Monster Otomotif
Sarung Bantal Sulam Pita Pola Lengkap dan Jelas Yana Izzuddin Tiara Aksa,Rp 26.100,0028542736,Buku Murah Surabaya
Gogreenstore Premium Cutlery Set 304 Pisau Steak Sujeo Komplit Box + Sarung,Rp 98.500,0007330485,GogreenStore
WIWU BLADE Sleeve MacBook Pro 16 - Sarung Penyimpanan MacBook Pro 16 Black,Rp 245.000,0018785506,lacarla
VAN RYSEL ROADR 900 Sarung Tangan Bersepeda Sepeda Gunung Lipat MTB Roadbike,Rp 209.900,0020756740,Z SPORT
VAN RYSEL ROADR 900 Sarung Tangan Bersepeda Sepeda Gunung Lipat MTB Roadbike,Rp 209.900,0020756643,Z SPORT
FORCLAZ TREK 100 Sarung Tangan Anti Slip Camping Kemping Kemah Hiking,Rp 54.900,0020880027,Z SPORT
VAN RYSEL ROADR 900 Sarung Tangan Bersepeda Sepeda Gunung Lipat MTB Roadbike,Rp 209.900,0020756449,Z SPORT
Sarung Tangan Sensi Latex Powdered isi 100pcs/box - SIZE SMALL MEDIUM LARGE,Rp 185.000,0032946245,Toko Favorit
Souvenir Payung Promosi Lipat 3 Sarung Kain (L3 002) Dengan lapis Silver Murah,Rp 29.500,0022280125,Zeropromosi
FORCLAZ TREK 100 Sarung Tangan Anti Slip Camping Kemping Kemah Hiking,Rp 54.900,0020879930,Z SPORT
FORCLAZ TREK 100 Sarung Tangan Anti Slip Camping Kemping Kemah Hiking,Rp 54.900,0020879833,Z SPORT
VAN RYSEL ROADR 900 Sarung Tangan Bersepeda Sepeda Gunung Lipat MTB Roadbike,Rp 209.900,0020756837,Z SPORT
VAN RYSEL ROADR 900 Sarung Tangan Bersepeda Sepeda Gunung Lipat MTB Roadbike,Rp 209.900,0020756546,Z SPORT
WIWU BLADE Sleeve MacBook Pro 13 - Sarung Penyimpanan MacBook Pro 13 Black,Rp 245.000,0018785312,lacarla
Sarung Tangan Sensi Latex Powdered isi 100pcs/box - SIZE SMALL MEDIUM LARGE,Rp 185.000,0032946439,Toko Favorit
